Dataset,Model,Accuracy,F1 (Macro),Precision (Macro),Recall (Macro),F1 (Weighted),Precision (Weighted),Recall (Weighted),Train Time (s),Eval Time (s)
Book Review,DistilBERT Feature Extractor + LR,0.7270888888888889,0.5881496090250468,0.5662280166919186,0.6819889062258934,0.7664643323302301,0.8451254664739084,0.727088888888889,964.105,0.132
Book Review,BERT Feature Extractor + LR,0.7223111111111111,0.5769554695926576,0.5568292770205004,0.6649852147931609,0.7623516743454901,0.8400358685559967,0.7223111111111111,546.254,0.131
Book Review,DistilBERT Full FT,0.8997555555555555,0.745369681444788,0.7617655517570192,0.7312301620847061,0.8965515704112923,0.8941068533411948,0.8997555555555555,4281.37,143.898
Book Review,BERT Full FT,0.9046888888888889,0.7564766966548792,0.7710917206735477,0.7434999096948102,0.9020696812985897,0.9000194929634077,0.9046888888888889,8154.485,277.789
Book Review,RoBERTa Full FT,0.9101333333333333,0.7641207689206952,0.7811966277037125,0.7504179059829492,0.9066477422094331,0.9041685072460681,0.9101333333333333,8331.442,274.64
Book Review,BERT LoRA FT,0.8787777777777778,0.6715997397846097,0.7174696168092218,0.6482436466612698,0.8667640116706523,0.8614690282078064,0.8787777777777778,6164.697,305.192
Book Review,RoBERTa LoRA FT,0.8984222222222222,0.719141877540694,0.7526124651662789,0.7037834429886437,0.8899143076637963,0.8864349284837768,0.8984222222222222,6150.405,299.453
