Dataset,Model,Accuracy,F1 (Macro),Precision (Macro),Recall (Macro),F1 (Weighted),Precision (Weighted),Recall (Weighted),Train Time (s),Eval Time (s),Best Params
Book Review,Naive Bayes,0.8312888888888889,0.4650496689180676,0.7367020980662807,0.44055561078917166,0.779582373104448,0.8080326309888475,0.8312888888888889,0.417,0.024,Default
Book Review,Logistic Regression,0.8572444444444445,0.6755167279836236,0.6702453983547931,0.6814637963414146,0.8578086636660579,0.8586330518945521,0.8572444444444445,24.705,0.025,"{'C': 1.137658238924933, 'solver': 'liblinear'}"
Book Review,Linear SVM,0.8582666666666666,0.677729788572868,0.6726032645250252,0.6837217019618765,0.8586828724288422,0.8594200575919669,0.8582666666666666,7.754,0.017,"{'C': 0.29733113411751105, 'loss': 'hinge'}"
Book Review,Random Forest,0.8307777777777777,0.6375145364909538,0.6332302923596214,0.6450710318969216,0.8312645025070599,0.8328661993832656,0.8307777777777777,319.088,0.868,"{'n_estimators': 263, 'max_depth': 50, 'min_samples_split': 20, 'min_samples_leaf': 7}"
Book Review,LightGBM,0.8478222222222223,0.6842205506731199,0.6644762056999259,0.7096102718527684,0.8547603243633888,0.8639495475297174,0.8478222222222223,2382.918,0.811,"{'n_estimators': 489, 'learning_rate': 0.24498311371436596, 'num_leaves': 76, 'max_depth': 12, 'reg_alpha': 1.3258167339595008, 'reg_lambda': 0.0001599961958986367, 'colsample_bytree': 0.905449796173906, 'subsample': 0.9039892427787801, 'min_child_samples': 56}"
