Dataset,Model,Accuracy,F1 (Macro),Precision (Macro),Recall (Macro),F1 (Weighted),Precision (Weighted),Recall (Weighted),Train Time (s),Eval Time (s),Best Params
Financial News,Naive Bayes,0.6753782668500687,0.4607093083204443,0.7604935913759444,0.45748591459375776,0.611825725995849,0.6991014487575699,0.6753782668500687,0.009,0.001,Default
Financial News,Logistic Regression,0.7427785419532325,0.6964949342147645,0.7015841187157078,0.6927740469407137,0.739981567818538,0.7385988050636341,0.7427785419532325,0.21,0.001,"{'C': 99.790101562862, 'solver': 'liblinear'}"
Financial News,Linear SVM,0.7317744154057771,0.682627639926444,0.6860406144522475,0.6799560279952437,0.7296131106872917,0.7282238935904363,0.7317744154057771,0.107,0.002,"{'C': 5.20340782572213, 'loss': 'squared_hinge'}"
Financial News,Random Forest,0.7317744154057771,0.658289290826582,0.6879148629148629,0.6624545117192177,0.7200722037928107,0.7372202075778418,0.7317744154057771,0.3,0.048,"{'n_estimators': 165, 'max_depth': 42, 'min_samples_split': 11, 'min_samples_leaf': 4}"
Financial News,LightGBM,0.7537826685006878,0.7069469233544495,0.7026990759532962,0.7124911218048474,0.7535052870554307,0.7538728572246373,0.7537826685006878,57.734,0.049,"{'n_estimators': 629, 'learning_rate': 0.024222074378422335, 'num_leaves': 222, 'max_depth': 10, 'reg_alpha': 8.617543260805658e-05, 'reg_lambda': 5.3948820484868434e-05, 'colsample_bytree': 0.6533035703852993, 'subsample': 0.7916063485603703, 'min_child_samples': 13}"
