Dataset,Model,Accuracy,F1 (Macro),Precision (Macro),Recall (Macro),F1 (Weighted),Precision (Weighted),Recall (Weighted),Train Time (s),Eval Time (s)
Financial News,BERT LoRA FT,0.8376891334250344,0.8225959271751351,0.8025425425425426,0.8492951311578762,0.8391884172319162,0.8445922401080587,0.8376891334250344,720.848,1.527
Financial News,RoBERTa LoRA FT,0.8404401650618982,0.8337329377480232,0.8142779142779143,0.8589544079740158,0.8409677564831212,0.8444349063331181,0.8404401650618982,493.329,1.556
